epoch,train_loss,val_loss,val_f1_macro
1,1.0696,1.0342,0.2995
2,1.0432,1.03,0.3134
3,1.0332,1.0232,0.2863
4,1.0319,1.0222,0.3023
5,1.0288,1.02,0.297
6,1.028,1.0219,0.2952
7,1.026,1.0191,0.3126
8,1.0245,1.0166,0.2958
9,1.0244,1.0167,0.3003
10,1.0248,1.0183,0.3048
11,1.021,1.019,0.3129
12,1.0201,1.0179,0.3033
13,1.0204,1.0204,0.2913
14,1.0205,1.0178,0.2889
15,1.019,1.0157,0.3055
16,1.0147,1.0146,0.3027
17,1.0163,1.0147,0.3045
18,1.018,1.0136,0.2981
19,1.0171,1.0127,0.3003
20,1.0164,1.0129,0.2999
21,1.0178,1.0138,0.2972
22,1.014,1.0139,0.3066
